slot,n_pickups,mean_fare,median_fare,p90_fare,mean_dist_km,mean_dur_s,mean_kwh
0,20237,29.52074764046054,21.36,59.568000000000026,6.542895112184612,850.7907298512625,1.4394369246806147
1,18252,28.55292022792023,21.35,54.899000000000015,6.233658902090729,837.4785776901161,1.3714049584599606
2,16779,28.470905894272605,21.3,54.12,6.207825555887717,829.3376840097741,1.3657216222952977
3,14668,28.18328947368421,21.0,52.1,6.11793855144805,829.0473138805563,1.345946481318571
4,13203,26.916578807846705,20.52,46.5,5.653220911465576,802.7557373324245,1.2437086005224267
5,12270,26.429136919315404,20.52,44.88,5.485254250092909,787.4129584352078,1.20675593502044
6,11083,25.6565235044663,20.35,43.2,5.221722295609492,762.0369033655147,1.1487789050340882
7,10183,24.968771481881568,20.5,40.58000000000011,4.958753467418246,744.3825984483943,1.0909257628320141
8,9686,24.548286186248195,19.9,39.989999999999995,4.876471825496593,734.354532314681,1.0728238016092506
9,8611,25.27896876088724,20.12,42.36,5.083656231332018,744.5816978283591,1.118404370893044
10,7251,24.51501999724176,19.68,39.6,4.92111915584609,728.8625017239001,1.0826462142861397
11,6729,24.624470203596374,19.68,40.68,5.036632064913063,728.0900579580918,1.108059054280874
12,6163,25.68304234950511,20.1,43.2,5.450030530066527,738.4919681973065,1.1990067166146359
13,5273,26.283087426512424,19.7,44.94400000000002,5.638307556958089,728.5710221885075,1.2404276625307795
14,4853,27.661543375231815,20.6,50.36400000000002,5.99899308205234,754.5981866886463,1.3197784780515147
15,4961,28.745859705704493,21.3,52.99,6.217754556452329,765.3384398306792,1.3679060024195124
16,4828,29.07867232808616,21.835,54.94,6.659787474134217,788.1911764705883,1.4651532443095276
17,3786,31.91618858954041,22.2,68.545,7.646122567606974,823.5208663497094,1.6821469648735343
18,3011,34.1963002324809,23.35,74.36,8.531351149677848,893.147459315842,1.8768972529291266
19,2737,37.941757398611614,25.3,84.52200000000002,10.163245498224335,981.2838874680307,2.2359140096093535
20,2991,41.00870946171849,27.91,90.94,11.435704682046138,1070.7525911066532,2.5158550300501505
21,3594,40.571939343350024,25.925,90.96,11.26539904427379,1063.8592097941014,2.4783877897402338
22,4505,37.36721198668147,22.25,88.8,10.084942565860155,1014.1125416204218,2.218687364489234
23,5643,33.921022505759346,19.2,85.0,8.729186807017545,927.1515151515151,1.9204210975438598
24,6108,34.02330550098232,20.0,85.70800000000001,9.0732432848723,1023.273411918795,1.996113522671906
25,8028,31.499304932735427,19.295,80.94,8.239189764304934,978.9380916791231,1.8126217481470854
26,11045,29.091316432775013,19.08,69.77,7.268291453856044,931.6237211407877,1.5990241198483297
27,12922,27.759826652221015,18.2,65.87699999999998,6.75858721322396,915.569880823402,1.486889186909271
28,14666,27.975745261148234,18.7,65.14500000000001,6.580196775693441,936.218191735988,1.447643290652557
29,17541,27.29271307223077,18.5,61.3,6.140009304135455,919.5333789407673,1.3508020469098
30,21745,26.059708438721543,18.84,51.018000000000065,5.514200182140263,901.6227178661761,1.2131240400708578
31,24395,25.39122033203525,18.48,47.63000000000011,5.178979822002869,891.1210084033613,1.1393755608406313
32,24836,25.822956192623607,18.9,48.94,5.143452019404091,924.9226928651957,1.1315594442688999
33,25993,25.963981456545994,19.32,47.04,5.0985581880660185,937.9421382679952,1.1216828013745241
34,28713,25.587716017135094,19.32,44.0,4.899785212897293,933.6195799811932,1.0779527468374046
35,29909,25.111281888394796,19.0,44.09,4.741084162353807,896.3719950516567,1.0430385157178375
36,29436,26.005137586628617,19.32,47.88,4.991516878923767,932.3581328984916,1.0981337133632287
37,29241,26.04665469717178,19.32,48.72,4.964912373284088,919.8574946137273,1.0922807221224995
38,29934,26.059316830360125,19.5,47.928000000000026,4.935353857847264,925.9350905325049,1.0857778487263983
39,31788,25.885921102302756,19.1,50.392999999999994,4.890035891098528,907.3713665534164,1.0758078960416764
40,30968,26.778032808059933,19.6,53.76,5.155157359855335,948.8962154482045,1.1341346191681736
41,31163,26.485555305971825,19.32,52.07399999999998,5.025101887073774,936.6181368931104,1.1055224151562302
42,32620,26.172370324954016,19.32,49.10400000000009,4.968858480500306,926.0862967504598,1.0931488657100674
43,34116,25.618797338492204,19.11,47.3,4.780459270573338,914.5573044905616,1.0517010395261344
44,33055,26.231382846770533,19.32,49.87,4.878261254815308,935.2945394040236,1.0732174760593678
45,33474,25.908932604409394,19.32,47.88,4.832334930274243,927.8606082332557,1.0631136846603335
46,35427,25.33293279137381,19.32,43.68,4.633473862498096,923.175374714201,1.019364249749581
47,37070,25.342115457243054,19.1,44.8,4.676265694575668,914.1368761801996,1.028778452806647
48,36774,26.115723881002882,19.32,47.88,4.90450931876652,939.4499374558112,1.0789920501286343
49,37782,25.785106135196653,19.3,46.85,4.827245260714626,919.3875655073845,1.061993957357218
50,38128,25.753510543432647,19.32,47.04,4.805954592866136,920.6063260595888,1.0573100104305497
51,39103,25.982979566785154,19.1,50.83800000000018,4.947388833339642,913.6044804746439,1.0884255433347212
52,37604,26.616165301563665,19.32,54.6,5.152577333713435,938.5103446441868,1.1335670134169555
53,38344,26.558858491550176,19.32,52.47800000000018,5.1445486315543505,942.0067024827874,1.1318006989419571
54,40051,26.723676812064618,19.32,53.59,5.157786991441912,949.2869840952785,1.1347131381172206
55,40744,26.68573802277636,19.25,54.6,5.135701728207343,949.0684763400747,1.1298543802056156
56,40408,27.872192140170263,19.6,62.512000000000114,5.467753010651357,992.8556473965551,1.2029056623432985
57,41024,27.758464313572542,19.6,62.24700000000004,5.412652570109206,994.4511261700468,1.1907835654240253
58,43443,27.866615795410077,19.6,61.64,5.41606287777916,1007.7789056925167,1.1915338331114151
59,44242,27.67409768997785,19.32,62.54500000000007,5.404292245450025,1017.1100990009493,1.1889442939990054
60,43682,28.170048074721855,20.02,63.96,5.528714484853258,1047.3270454649512,1.2163171866677167
61,43135,27.228994088327344,19.32,58.04,5.267040970704997,1017.8531355048104,1.1587490135550993
62,43894,27.315296168041193,19.32,58.49700000000004,5.2772165780033715,1016.7762792181163,1.1609876471607417
63,44245,27.318593739405582,19.32,57.681999999999974,5.221727483168721,1006.9587297999774,1.1487800462971185
64,44540,29.910427031881454,21.45,66.84,5.527348696111361,1039.830938482263,1.2160167131444994
65,43234,30.265690197529725,21.48,67.26700000000004,5.6398327752565125,1038.5694360919647,1.2407632105564328
66,43778,29.86292818310567,21.56,64.16200000000012,5.519768327075701,1025.699141121111,1.2143490319566541
67,44550,29.41795622895623,21.48,60.0,5.363067895466667,1012.3464421997755,1.1798749370026667
68,46488,29.258425400103253,21.84,57.15,5.268952721693341,1009.9668301497161,1.159169598772535
69,46789,28.553279830729444,21.48,50.96,5.007359885593623,976.7789865139242,1.1016191748305972
70,48778,27.94475193734881,21.48,46.68,4.86435656155808,955.3032104637336,1.0701584435427776
71,49604,27.436770824933475,21.45,45.2,4.711483037587292,927.3577534069833,1.0365262682692042
72,50532,27.34231872872635,21.48,44.93600000000006,4.70950992284968,910.1984880867569,1.0360921830269296
73,50382,26.8534018101703,21.3,43.32,4.597058139049661,877.6196062085666,1.0113527905909254
74,48934,26.89297891036907,21.39,43.447000000000045,4.637816050628194,860.8594433318348,1.0203195311382027
75,48192,26.480252739043827,20.8,42.84,4.571001810358567,832.8075614209828,1.0056203982788847
76,45609,27.225084303536587,21.1,46.65,4.858691716319148,845.2596636628735,1.0689121775902126
77,44224,27.45121721237337,21.0,48.75,4.99206761869754,831.2544319826338,1.0982548761134587
78,41794,28.061128391635165,21.0,53.39,5.254786947638418,834.3273914916017,1.1560531284804518
79,39900,28.186527318295738,21.0,53.990999999999985,5.352854405485714,830.6033082706767,1.1776279692068572
80,38612,27.445464104423497,20.52,51.19900000000002,5.410137543312961,829.1021703097483,1.1902302595288514
81,37250,27.04095355704698,20.47,50.0,5.361407917117853,817.5004563758389,1.1795097417659275
82,36522,27.2865070368545,20.5,52.15,5.455264592370627,811.1559060292426,1.200158210321538
83,37049,27.23471996545116,20.5,51.6,5.456069276229858,803.569084185808,1.2003352407705687
84,37146,27.45806493296721,20.52,51.91,5.56676578052011,816.9483659075001,1.2246884717144242
85,37103,27.356045063741476,20.52,51.19,5.558973810756004,809.4382664474571,1.222974238366321
86,37816,27.06037708906283,20.52,48.5,5.485865829456315,809.5611910302517,1.2068904824803892
87,38297,27.55021437710526,20.52,50.7,5.61058492258297,823.1990495339061,1.2343286829682534
88,37468,27.452307035336823,20.52,50.7,5.61737940962101,823.0812426604035,1.2358234701166222
89,33960,27.844104240282686,20.8,53.34100000000002,5.74408804409894,825.2954063604241,1.2636993697017669
90,31996,28.687891298912366,21.3,58.09,6.035598310988874,842.9561507688461,1.3278316284175522
91,30146,29.22565182777151,21.36,59.82,6.212685504369403,856.3987593710608,1.3667908109612685
92,29359,29.029731598487686,21.36,58.25,6.250025204106408,854.0480942811404,1.3750055449034098
93,26594,29.205591862826203,21.35,59.77800000000003,6.374291215979544,855.5433180416635,1.4023440675154997
94,23509,29.965390701433492,21.36,62.99,6.700848662105576,864.630056574078,1.4741867056632267
95,21688,30.086001936554776,21.6,62.56199999999997,6.736301556208042,857.1331611951309,1.4819863423657693
