slot,clock,action,soc
0,00:00,DRIVE,0.7640135
1,00:15,DRIVE,0.7640135
2,00:30,DRIVE,0.7640135
3,00:45,DRIVE,0.7303645
4,01:00,DRIVE,0.7303645
5,01:15,DRIVE,0.7303645
6,01:30,DRIVE,0.7303645
7,01:45,DRIVE,0.70309
8,02:00,DRIVE,0.70309
9,02:15,DRIVE,0.70309
10,02:30,DRIVE,0.6760245
11,02:45,DRIVE,0.6760245
12,03:00,DRIVE,0.6760245
13,03:15,DRIVE,0.6760245
14,03:30,DRIVE,0.64303
15,03:45,DRIVE,0.64303
16,04:00,DRIVE,0.64303
17,04:15,DRIVE,0.64303
18,04:30,CHARGE,0.98803
19,04:45,DRIVE,0.9321335
20,05:00,DRIVE,0.9321335
21,05:15,DRIVE,0.870176
22,05:30,DRIVE,0.870176
23,05:45,DRIVE,0.8221664999999999
24,06:00,DRIVE,0.8221664999999999
25,06:15,DRIVE,0.8221664999999999
26,06:30,DRIVE,0.8221664999999999
27,06:45,DRIVE,0.8221664999999999
28,07:00,DRIVE,0.7859764999999999
29,07:15,DRIVE,0.7859764999999999
30,07:30,DRIVE,0.7859764999999999
31,07:45,DRIVE,0.7573304682096264
32,08:00,DRIVE,0.7573304682096264
33,08:15,DRIVE,0.7573304682096264
34,08:30,DRIVE,0.7303804682096263
35,08:45,DRIVE,0.7303804682096263
36,09:00,DRIVE,0.7303804682096263
37,09:15,DRIVE,0.7029181110288569
38,09:30,DRIVE,0.7029181110288569
39,09:45,DRIVE,0.6760231110288569
40,10:00,DRIVE,0.6760231110288569
41,10:15,DRIVE,0.6482288824622172
42,10:30,CHARGE,0.9932288824622173
43,10:45,DRIVE,0.9932288824622173
44,11:00,DRIVE,0.9663998824622173
45,11:15,DRIVE,0.9663998824622173
46,11:30,DRIVE,0.9663998824622173
47,11:45,DRIVE,0.9406818824622173
48,12:00,DRIVE,0.9406818824622173
49,12:15,DRIVE,0.9406818824622173
50,12:30,DRIVE,0.9406818824622173
51,12:45,DRIVE,0.9406818824622173
52,13:00,DRIVE,0.912179661605721
53,13:15,DRIVE,0.8837216902673406
54,13:30,DRIVE,0.8553526902673406
55,13:45,DRIVE,0.8269444996368409
56,14:00,DRIVE,0.7968704996368409
57,14:15,DRIVE,0.7670989996368409
58,14:30,DRIVE,0.7371420758722796
59,14:45,DRIVE,0.7074200758722796
60,15:00,DRIVE,0.7074200758722796
61,15:15,DRIVE,0.7074200758722796
62,15:30,DRIVE,0.6783965758722796
63,15:45,DRIVE,0.6496755758722796
64,16:00,DRIVE,0.6191046900438583
65,16:15,DRIVE,0.5879087797720478
66,16:30,DRIVE,0.5879087797720478
67,16:45,DRIVE,0.5879087797720478
68,17:00,DRIVE,0.5879087797720478
69,17:15,DRIVE,0.5879087797720478
70,17:30,DRIVE,0.5611567797720478
71,17:45,DRIVE,0.5350993447914628
72,18:00,DRIVE,0.5091943447914629
73,18:15,DRIVE,0.48391084479146285
74,18:30,DRIVE,0.45825718666368676
75,18:45,DRIVE,0.43311668666368675
76,19:00,DRIVE,0.43311668666368675
77,19:15,DRIVE,0.40550498735927576
78,19:30,DRIVE,0.40550498735927576
79,19:45,DRIVE,0.37606348735927575
80,20:00,DRIVE,0.37606348735927575
81,20:15,DRIVE,0.34657798735927575
82,20:30,DRIVE,0.3164053471938988
83,20:45,DRIVE,0.2863973471938988
84,21:00,DRIVE,0.2863973471938988
85,21:15,DRIVE,0.2863973471938988
86,21:30,DRIVE,0.2863973471938988
87,21:45,DRIVE,0.2555368471938988
88,22:00,DRIVE,0.22446815428667194
89,22:15,DRIVE,0.22446815428667194
90,22:30,DRIVE,0.22446815428667194
91,22:45,DRIVE,0.22446815428667194
92,23:00,DRIVE,0.22446815428667194
93,23:15,DRIVE,0.18941115428667193
94,23:30,DRIVE,0.15255565428667195
95,23:45,DRIVE,0.15255565428667195
