study,parameter,value,mdp_net,baseline_net,gain,gain_pct,mdp_feasible,base_feasible,energy_needed_kwh,battery_kwh,n_charge_slots
TOU spread x0.0,tou_spread,0.0,956.3632955281265,787.75990167591,168.60339385221653,21.402891095817818,0.9866666666666667,0.11333333333333333,54.462104592556905,40.0,2
TOU spread x0.5,tou_spread,0.5,955.590593834652,787.75990167591,167.83069215874207,21.304802618373028,0.9933333333333333,0.11333333333333333,54.462104592556905,40.0,2
TOU spread x1.0,tou_spread,1.0,956.7113016312088,787.75990167591,168.95139995529883,21.447067767204864,0.9933333333333333,0.11333333333333333,54.462104592556905,40.0,2
TOU spread x1.5,tou_spread,1.5,956.1389398722259,787.75990167591,168.37903819631595,21.374410888152603,0.9866666666666667,0.11333333333333333,54.462104592556905,40.0,2
TOU spread x2.0,tou_spread,2.0,956.0696586875829,787.75990167591,168.3097570116729,21.3656161799559,0.9866666666666667,0.11333333333333333,54.462104592556905,40.0,2
battery 25 kWh,battery_kwh,25.0,934.9846645248941,483.1630935062761,451.82157101861804,93.51326231061749,0.9733333333333334,0.0,54.462104592556905,25.0,3
battery 30 kWh,battery_kwh,30.0,937.1969447736035,587.173272497584,350.0236722760195,59.61164934963209,0.9733333333333334,0.0,54.462104592556905,30.0,3
battery 35 kWh,battery_kwh,35.0,943.2111936115659,691.4606044703308,251.75058914123508,36.408522410915914,0.9533333333333334,0.02666666666666667,54.462104592556905,35.0,2
battery 40 kWh,battery_kwh,40.0,956.7113016312088,787.75990167591,168.95139995529883,21.447067767204864,0.9933333333333333,0.11333333333333333,54.462104592556905,40.0,2
battery 50 kWh,battery_kwh,50.0,958.0053332981824,921.6495089114488,36.355824386733616,3.9446475081045853,0.9866666666666667,0.6133333333333333,54.462104592556905,50.0,1
battery 60 kWh,battery_kwh,60.0,956.7227663171029,945.0975522689339,11.625214048169028,1.230054402348192,1.0,0.9933333333333333,54.462104592556905,60.0,1
battery 80 kWh,battery_kwh,80.0,961.1111324530675,945.1403953593876,15.970737093679872,1.6897740454323753,0.9933333333333333,1.0,54.462104592556905,80.0,0
consumption 0.18 kWh/km,kwh_per_km,0.18,960.0376496496638,912.8176909388955,47.21995871076831,5.172988996543149,0.9733333333333334,0.49333333333333335,44.55990375754656,40.0,2
consumption 0.22 kWh/km,kwh_per_km,0.22,956.7113016312088,787.75990167591,168.95139995529883,21.447067767204864,0.9933333333333333,0.11333333333333333,54.462104592556905,40.0,2
consumption 0.28 kWh/km,kwh_per_km,0.28,939.5616803413885,617.1570952686224,322.40458507276617,52.240278454943,0.96,0.0,69.31540584507243,40.0,3
consumption 0.35 kWh/km,kwh_per_km,0.35,923.3244506001406,486.105459282877,437.2189913172636,89.94323823523135,0.9733333333333334,0.0,86.64425730634052,40.0,4
consumption 0.45 kWh/km,kwh_per_km,0.45,903.1777350641011,372.32271419171036,530.8550208723907,142.57927347377776,0.9866666666666667,0.0,111.39975939386639,40.0,6
charger 7 kW,charge_kw,7.0,900.0918027658706,640.7198168557851,259.3719859100855,40.48134287197576,0.9133333333333333,0.0,54.462104592556905,40.0,11
charger 22 kW,charge_kw,22.0,934.016200954611,723.594811302114,210.42138965249706,29.08000256025085,0.9533333333333334,0.04666666666666667,54.462104592556905,40.0,5
charger 60 kW,charge_kw,60.0,956.7113016312088,787.75990167591,168.95139995529883,21.447067767204864,0.9933333333333333,0.11333333333333333,54.462104592556905,40.0,2
charger 120 kW,charge_kw,120.0,946.9514681785253,786.1099016759102,160.84156650261502,20.460442765027683,1.0,0.11333333333333333,54.462104592556905,40.0,1
charger 200 kW,charge_kw,200.0,942.7620492826703,783.9099016759101,158.85214760676024,20.2640822965946,0.9933333333333333,0.11333333333333333,54.462104592556905,40.0,1
peak utilisation 40%,u_peak,0.4,512.6229978901398,513.3345119743742,-0.711514084234409,-0.1386063215383282,1.0,1.0,25.629225690615016,40.0,1
peak utilisation 60%,u_peak,0.6,721.2317865517596,700.7872238888395,20.44456266292002,2.9173709174474025,1.0,0.7,38.443838535922524,40.0,2
peak utilisation 85%,u_peak,0.85,956.7113016312088,787.75990167591,168.95139995529883,21.447067767204864,0.9933333333333333,0.11333333333333333,54.462104592556905,40.0,2
peak utilisation 100%,u_peak,1.0,1073.4793439462305,793.591857386724,279.88748655950656,35.26844233018826,0.9866666666666667,0.006666666666666667,64.07306422653754,40.0,2
fares x0.70,fare_scale,0.7,668.4326426536114,550.936931173137,117.49571148047437,21.32652665528974,0.9933333333333333,0.11333333333333333,54.462104592556905,40.0,2
fares x0.85,fare_scale,0.85,812.5963788417238,669.3484164245236,143.24796241720014,21.401105747346296,0.9933333333333333,0.11333333333333333,54.462104592556905,40.0,2
fares x1.00,fare_scale,1.0,956.7113016312088,787.75990167591,168.95139995529883,21.447067767204864,0.9933333333333333,0.11333333333333333,54.462104592556905,40.0,2
fares x1.20,fare_scale,1.2,1149.0101007206156,945.641882011092,203.3682187095236,21.50583879354216,0.9866666666666667,0.11333333333333333,54.462104592556905,40.0,2
fares x1.50,fare_scale,1.5,1437.3219137628807,1182.464852513865,254.85706124901571,21.553034807521048,0.9866666666666667,0.11333333333333333,54.462104592556905,40.0,2
start SOC 30%,soc0,0.3,946.3176620463848,448.2343484247231,498.0833136216617,111.1211836781648,0.9666666666666667,0.0,54.462104592556905,40.0,4
start SOC 50%,soc0,0.5,945.5363298636839,643.9474651241322,301.5888647395517,46.83438961614906,0.9733333333333334,0.0,54.462104592556905,40.0,3
start SOC 80%,soc0,0.8,956.7113016312088,787.75990167591,168.95139995529883,21.447067767204864,0.9933333333333333,0.11333333333333333,54.462104592556905,40.0,2
start SOC 95%,soc0,0.95,953.8302265041457,787.75990167591,166.0703248282357,21.081337660743007,0.9733333333333334,0.11333333333333333,54.462104592556905,40.0,2
